<?xml version="1.0" encoding="utf-8"?>
<prj cpu="ATMEGA328P" phy1="RS485">
  <pin name="PORTB.00" cfg="IO" addr="0">
    <item name="PORTB.00" />
  </pin>
  <pin name="PORTB.01" cfg="IO" addr="1">
    <item name="PORTB.01" />
  </pin>
  <pin name="PORTB.02" cfg="IO" addr="2">
    <item name="PORTB.02" />
  </pin>
  <pin name="PORTB.03" cfg="IO" addr="3">
    <item name="PORTB.03" />
  </pin>
  <pin name="PORTB.04" cfg="IO" addr="4">
    <item name="PORTB.04" />
  </pin>
  <pin name="PORTB.05" cfg="IO" addr="5">
    <item name="PORTB.05" />
  </pin>
  <pin name="PORTB.06" cfg="System">
    <item name="HSE_IN" />
  </pin>
  <pin name="PORTB.07" cfg="System">
    <item name="HSE_OUT" />
  </pin>
  <pin name="PORTC.00" cfg="IO" addr="6">
    <item name="PORTC.00" />
    <item name="AIN 00" />
  </pin>
  <pin name="PORTC.01" cfg="IO" addr="7">
    <item name="PORTC.01" />
    <item name="AIN 01" />
  </pin>
  <pin name="PORTC.02" cfg="IO" addr="8">
    <item name="PORTC.02" />
    <item name="AIN 02" />
  </pin>
  <pin name="PORTC.03" cfg="IO" addr="9">
    <item name="PORTC.03" />
    <item name="AIN 03" />
  </pin>
  <pin name="PORTC.04" cfg="IO" addr="10">
    <item name="PORTC.04" />
    <item name="AIN 04" />
    <item name="SDA 1.0" />
  </pin>
  <pin name="PORTC.05" cfg="IO" addr="11">
    <item name="PORTC.05" />
    <item name="AIN 05" />
    <item name="SCL 1.0" />
  </pin>
  <pin name="PORTD.00" cfg="Phy1">
    <item name="RX 0.0" func="RX" />
  </pin>
  <pin name="PORTD.01" cfg="Phy1">
    <item name="TX 0.0" func="TX" />
  </pin>
  <pin name="PORTD.02" cfg="Phy1">
    <item name="DE 0.0" func="DE" />
  </pin>
  <pin name="PORTD.03" cfg="IO" addr="12">
    <item name="PORTD.03" />
  </pin>
  <pin name="PORTD.04" cfg="IO" addr="13">
    <item name="PORTD.04" />
  </pin>
  <pin name="PORTD.05" cfg="IO" addr="14">
    <item name="PORTD.05" />
    <item name="PWM 00.1" />
  </pin>
  <pin name="PORTD.06" cfg="IO" addr="15">
    <item name="PORTD.06" />
    <item name="PWM 00.0" />
  </pin>
  <pin name="PORTD.07" cfg="IO" addr="16">
    <item name="PORTD.07" />
  </pin>
  <pin name="AIN6" cfg="IO" addr="17">
    <item name="AIN 06" />
  </pin>
  <pin name="AIN7" cfg="IO" addr="18">
    <item name="AIN 07" />
  </pin>
  <pin name="Vbg" cfg="IO" addr="19">
    <item name="AIN 14" />
  </pin>
  <pin name="Osc" cfg="System">
    <item name="16.0MHz" />
  </pin>
  <pin name="ASLEEP" cfg="None" />
</prj>