<?xml version="1.0" encoding="utf-8"?>
<prj cpu="ATMEGA2560" phy1="ENC28J60" phy2="UART">
  <pin name="PORTA.00" cfg="IO" addr="38">
    <item name="PORTA.00" />
  </pin>
  <pin name="PORTA.01" cfg="IO" addr="39">
    <item name="PORTA.01" />
  </pin>
  <pin name="PORTA.02" cfg="IO" addr="40">
    <item name="PORTA.02" />
  </pin>
  <pin name="PORTA.03" cfg="IO" addr="41">
    <item name="PORTA.03" />
  </pin>
  <pin name="PORTA.04" cfg="IO" addr="42">
    <item name="PORTA.04" />
  </pin>
  <pin name="PORTA.05" cfg="IO" addr="43">
    <item name="PORTA.05" />
  </pin>
  <pin name="PORTA.06" cfg="IO" addr="44">
    <item name="PORTA.06" />
  </pin>
  <pin name="PORTA.07" cfg="IO" addr="45">
    <item name="PORTA.07" />
  </pin>
  <pin name="PORTB.00" cfg="Phy1">
    <item name="NSS 1.1" func="NCS" />
  </pin>
  <pin name="PORTB.01" cfg="Phy1">
    <item name="SCK 1.1" func="CLK" />
  </pin>
  <pin name="PORTB.02" cfg="Phy1">
    <item name="MOSI 1.1" func="SI" />
  </pin>
  <pin name="PORTB.03" cfg="Phy1">
    <item name="MISO 1.1" func="SO" />
  </pin>
  <pin name="PORTB.04" cfg="IO" addr="26">
    <item name="PORTB.04" />
  </pin>
  <pin name="PORTB.05" cfg="IO" addr="27">
    <item name="PORTB.05" />
    <item name="PWM 01.0" />
  </pin>
  <pin name="PORTB.06" cfg="IO" addr="28">
    <item name="PORTB.06" />
    <item name="PWM 01.1" />
  </pin>
  <pin name="PORTB.07" cfg="IO" addr="29">
    <item name="PORTB.07" />
    <item name="PWM 01.2" />
  </pin>
  <pin name="PORTC.00" cfg="IO" addr="53">
    <item name="PORTC.00" />
  </pin>
  <pin name="PORTC.01" cfg="IO" addr="52">
    <item name="PORTC.01" />
  </pin>
  <pin name="PORTC.02" cfg="IO" addr="51">
    <item name="PORTC.02" />
  </pin>
  <pin name="PORTC.03" cfg="IO" addr="50">
    <item name="PORTC.03" />
  </pin>
  <pin name="PORTC.04" cfg="IO" addr="49">
    <item name="PORTC.04" />
  </pin>
  <pin name="PORTC.05" cfg="IO" addr="48">
    <item name="PORTC.05" />
  </pin>
  <pin name="PORTC.06" cfg="IO" addr="47">
    <item name="PORTC.06" />
  </pin>
  <pin name="PORTC.07" cfg="IO" addr="46">
    <item name="PORTC.07" />
  </pin>
  <pin name="PORTD.00" cfg="IO" addr="37">
    <item name="PORTD.00" />
    <item name="SCL 1.0" />
  </pin>
  <pin name="PORTD.01" cfg="IO" addr="36">
    <item name="PORTD.01" />
    <item name="SDA 1.0" />
  </pin>
  <pin name="PORTD.02" cfg="Phy2">
    <item name="RX 1.0" func="RX" />
  </pin>
  <pin name="PORTD.03" cfg="Phy2">
    <item name="TX 1.0" func="TX" />
  </pin>
  <pin name="PORTD.04" cfg="None" />
  <pin name="PORTD.05" cfg="None" />
  <pin name="PORTD.06" cfg="None" />
  <pin name="PORTD.07" cfg="IO" addr="56">
    <item name="PORTD.07" />
  </pin>
  <pin name="PORTE.00" cfg="IO" addr="16">
    <item name="PORTE.00" />
    <item name="RX 0.0" />
  </pin>
  <pin name="PORTE.01" cfg="IO" addr="17">
    <item name="PORTE.01" />
    <item name="TX 0.0" />
  </pin>
  <pin name="PORTE.02" cfg="None" />
  <pin name="PORTE.03" cfg="IO" addr="21">
    <item name="PORTE.03" />
    <item name="PWM 03.0" />
  </pin>
  <pin name="PORTE.04" cfg="IO" addr="18">
    <item name="PORTE.04" />
    <item name="PWM 03.1" />
  </pin>
  <pin name="PORTE.05" cfg="IO" addr="19">
    <item name="PORTE.05" />
    <item name="PWM 03.2" />
  </pin>
  <pin name="PORTE.06" cfg="None" />
  <pin name="PORTE.07" cfg="None" />
  <pin name="PORTF.00" cfg="IO" addr="0">
    <item name="PORTF.00" />
    <item name="AIN 00" />
  </pin>
  <pin name="PORTF.01" cfg="IO" addr="1">
    <item name="PORTF.01" />
    <item name="AIN 01" />
  </pin>
  <pin name="PORTF.02" cfg="IO" addr="2">
    <item name="PORTF.02" />
    <item name="AIN 02" />
  </pin>
  <pin name="PORTF.03" cfg="IO" addr="3">
    <item name="PORTF.03" />
    <item name="AIN 03" />
  </pin>
  <pin name="PORTF.04" cfg="IO" addr="4">
    <item name="PORTF.04" />
    <item name="AIN 04" />
  </pin>
  <pin name="PORTF.05" cfg="IO" addr="5">
    <item name="PORTF.05" />
    <item name="AIN 05" />
  </pin>
  <pin name="PORTF.06" cfg="IO" addr="6">
    <item name="PORTF.06" />
    <item name="AIN 06" />
  </pin>
  <pin name="PORTF.07" cfg="IO" addr="7">
    <item name="PORTF.07" />
    <item name="AIN 07" />
  </pin>
  <pin name="PORTG.00" cfg="IO" addr="57">
    <item name="PORTG.00" />
  </pin>
  <pin name="PORTG.01" cfg="IO" addr="55">
    <item name="PORTG.01" />
  </pin>
  <pin name="PORTG.02" cfg="IO" addr="54">
    <item name="PORTG.02" />
  </pin>
  <pin name="PORTG.03" cfg="None" />
  <pin name="PORTG.04" cfg="None" />
  <pin name="PORTG.05" cfg="IO" addr="20">
    <item name="PORTG.05" />
    <item name="PWM 00.1" />
  </pin>
  <pin name="PORTH.00" cfg="IO" addr="33">
    <item name="PORTH.00" />
    <item name="RX 2.0" />
  </pin>
  <pin name="PORTH.01" cfg="IO" addr="32">
    <item name="PORTH.01" />
    <item name="TX 2.0" />
  </pin>
  <pin name="PORTH.02" cfg="None" />
  <pin name="PORTH.03" cfg="IO" addr="22">
    <item name="PORTH.03" />
    <item name="PWM 04.0" />
  </pin>
  <pin name="PORTH.04" cfg="IO" addr="23">
    <item name="PORTH.04" />
    <item name="PWM 04.1" />
  </pin>
  <pin name="PORTH.05" cfg="IO" addr="24">
    <item name="PORTH.05" />
    <item name="PWM 04.2" />
  </pin>
  <pin name="PORTH.06" cfg="IO" addr="25">
    <item name="PORTH.06" />
  </pin>
  <pin name="PORTH.07" cfg="None" />
  <pin name="PORTJ.00" cfg="IO" addr="31">
    <item name="PORTJ.00" />
    <item name="RX 3.0" />
  </pin>
  <pin name="PORTJ.01" cfg="IO" addr="30">
    <item name="PORTJ.01" />
    <item name="TX 3.0" />
  </pin>
  <pin name="PORTJ.02" cfg="None" />
  <pin name="PORTJ.03" cfg="None" />
  <pin name="PORTJ.04" cfg="None" />
  <pin name="PORTJ.05" cfg="None" />
  <pin name="PORTJ.06" cfg="None" />
  <pin name="PORTJ.07" cfg="None" />
  <pin name="PORTK.00" cfg="IO" addr="8">
    <item name="PORTK.00" />
    <item name="AIN 32" />
  </pin>
  <pin name="PORTK.01" cfg="IO" addr="9">
    <item name="PORTK.01" />
    <item name="AIN 33" />
  </pin>
  <pin name="PORTK.02" cfg="IO" addr="10">
    <item name="PORTK.02" />
    <item name="AIN 34" />
  </pin>
  <pin name="PORTK.03" cfg="IO" addr="11">
    <item name="PORTK.03" />
    <item name="AIN 35" />
  </pin>
  <pin name="PORTK.04" cfg="IO" addr="12">
    <item name="PORTK.04" />
    <item name="AIN 36" />
  </pin>
  <pin name="PORTK.05" cfg="IO" addr="13">
    <item name="PORTK.05" />
    <item name="AIN 37" />
  </pin>
  <pin name="PORTK.06" cfg="IO" addr="14">
    <item name="PORTK.06" />
    <item name="AIN 38" />
  </pin>
  <pin name="PORTK.07" cfg="IO" addr="15">
    <item name="PORTK.07" />
    <item name="AIN 39" />
  </pin>
  <pin name="PORTL.00" cfg="IO" addr="65">
    <item name="PORTL.00" />
  </pin>
  <pin name="PORTL.01" cfg="IO" addr="64">
    <item name="PORTL.01" />
  </pin>
  <pin name="PORTL.02" cfg="IO" addr="63">
    <item name="PORTL.02" />
  </pin>
  <pin name="PORTL.03" cfg="IO" addr="62">
    <item name="PORTL.03" />
    <item name="PWM 05.0" />
  </pin>
  <pin name="PORTL.04" cfg="IO" addr="61">
    <item name="PORTL.04" />
    <item name="PWM 05.1" />
  </pin>
  <pin name="PORTL.05" cfg="IO" addr="60">
    <item name="PORTL.05" />
    <item name="PWM 05.2" />
  </pin>
  <pin name="PORTL.06" cfg="IO" addr="59">
    <item name="PORTL.06" />
  </pin>
  <pin name="PORTL.07" cfg="IO" addr="58">
    <item name="PORTL.07" />
  </pin>
  <pin name="Osc" cfg="System">
    <item name="16.0MHz" />
  </pin>
</prj>