<?xml version="1.0" encoding="utf-8"?>
<prj cpu="ATMEGA2560" phy1="UART">
  <pin name="PORTA.00" cfg="IO" addr="38" titel="22">
    <item name="PORTA.00" />
  </pin>
  <pin name="PORTA.01" cfg="IO" addr="39" titel="23">
    <item name="PORTA.01" />
  </pin>
  <pin name="PORTA.02" cfg="IO" addr="40" titel="24">
    <item name="PORTA.02" />
  </pin>
  <pin name="PORTA.03" cfg="IO" addr="41" titel="25">
    <item name="PORTA.03" />
  </pin>
  <pin name="PORTA.04" cfg="IO" addr="42" titel="26">
    <item name="PORTA.04" />
  </pin>
  <pin name="PORTA.05" cfg="IO" addr="43" titel="27">
    <item name="PORTA.05" />
  </pin>
  <pin name="PORTA.06" cfg="IO" addr="44" titel="28">
    <item name="PORTA.06" />
  </pin>
  <pin name="PORTA.07" cfg="IO" addr="45" titel="29">
    <item name="PORTA.07" />
  </pin>
  <pin name="PORTB.00" cfg="IO" addr="69" titel="53">
    <item name="PORTB.00" />
  </pin>
  <pin name="PORTB.01" cfg="IO" addr="68" titel="52">
    <item name="PORTB.01" />
  </pin>
  <pin name="PORTB.02" cfg="IO" addr="67" titel="51">
    <item name="PORTB.02" />
  </pin>
  <pin name="PORTB.03" cfg="IO" addr="66" titel="50">
    <item name="PORTB.03" />
  </pin>
  <pin name="PORTB.04" cfg="IO" addr="26" titel="10">
    <item name="PORTB.04" />
  </pin>
  <pin name="PORTB.05" cfg="IO" addr="27" titel="11">
    <item name="PORTB.05" />
    <item name="PWM 01.0" />
  </pin>
  <pin name="PORTB.06" cfg="IO" addr="28" titel="12">
    <item name="PORTB.06" />
    <item name="PWM 01.1" />
  </pin>
  <pin name="PORTB.07" cfg="IO" addr="29" titel="13">
    <item name="PORTB.07" />
    <item name="PWM 01.2" />
  </pin>
  <pin name="PORTC.00" cfg="IO" addr="53" titel="37">
    <item name="PORTC.00" />
  </pin>
  <pin name="PORTC.01" cfg="IO" addr="52" titel="36">
    <item name="PORTC.01" />
  </pin>
  <pin name="PORTC.02" cfg="IO" addr="51" titel="35">
    <item name="PORTC.02" />
  </pin>
  <pin name="PORTC.03" cfg="IO" addr="50" titel="34">
    <item name="PORTC.03" />
  </pin>
  <pin name="PORTC.04" cfg="IO" addr="49" titel="33">
    <item name="PORTC.04" />
  </pin>
  <pin name="PORTC.05" cfg="IO" addr="48" titel="32">
    <item name="PORTC.05" />
  </pin>
  <pin name="PORTC.06" cfg="IO" addr="47" titel="31">
    <item name="PORTC.06" />
  </pin>
  <pin name="PORTC.07" cfg="IO" addr="46" titel="30">
    <item name="PORTC.07" />
  </pin>
  <pin name="PORTD.00" cfg="IO" addr="37" titel="21">
    <item name="PORTD.00" />
    <item name="SCL 1.0" />
  </pin>
  <pin name="PORTD.01" cfg="IO" addr="36" titel="20">
    <item name="PORTD.01" />
    <item name="SDA 1.0" />
  </pin>
  <pin name="PORTD.02" cfg="IO" addr="35" titel="16">
    <item name="PORTD.02" />
    <item name="RX 1.0" />
  </pin>
  <pin name="PORTD.03" cfg="IO" addr="34" titel="18">
    <item name="PORTD.03" />
    <item name="TX 1.0" />
  </pin>
  <pin name="PORTD.04" cfg="None" />
  <pin name="PORTD.05" cfg="None" />
  <pin name="PORTD.06" cfg="None" />
  <pin name="PORTD.07" cfg="IO" addr="54" titel="38">
    <item name="PORTD.07" />
  </pin>
  <pin name="PORTE.00" cfg="Phy1">
    <item name="RX 0.0" />
  </pin>
  <pin name="PORTE.01" cfg="Phy1">
    <item name="TX 0.0" />
  </pin>
  <pin name="PORTE.02" cfg="None" />
  <pin name="PORTE.03" cfg="IO" addr="21" titel="5">
    <item name="PORTE.03" />
    <item name="PWM 03.0" />
  </pin>
  <pin name="PORTE.04" cfg="IO" addr="18" titel="2">
    <item name="PORTE.04" />
    <item name="PWM 03.1" />
  </pin>
  <pin name="PORTE.05" cfg="IO" addr="19" titel="3">
    <item name="PORTE.05" />
    <item name="PWM 03.2" />
  </pin>
  <pin name="PORTE.06" cfg="None" />
  <pin name="PORTE.07" cfg="None" />
  <pin name="PORTF.00" cfg="IO" addr="0" titel="A0">
    <item name="PORTF.00" />
    <item name="AIN 00" />
  </pin>
  <pin name="PORTF.01" cfg="IO" addr="1" titel="A1">
    <item name="PORTF.01" />
    <item name="AIN 01" />
  </pin>
  <pin name="PORTF.02" cfg="IO" addr="2" titel="A2">
    <item name="PORTF.02" />
    <item name="AIN 02" />
  </pin>
  <pin name="PORTF.03" cfg="IO" addr="3" titel="A3">
    <item name="PORTF.03" />
    <item name="AIN 03" />
  </pin>
  <pin name="PORTF.04" cfg="IO" addr="4" titel="A4">
    <item name="PORTF.04" />
    <item name="AIN 04" />
  </pin>
  <pin name="PORTF.05" cfg="IO" addr="5" titel="A5">
    <item name="PORTF.05" />
    <item name="AIN 05" />
  </pin>
  <pin name="PORTF.06" cfg="IO" addr="6" titel="A6">
    <item name="PORTF.06" />
    <item name="AIN 06" />
  </pin>
  <pin name="PORTF.07" cfg="IO" addr="7" titel="A7">
    <item name="PORTF.07" />
    <item name="AIN 07" />
  </pin>
  <pin name="PORTG.00" cfg="IO" addr="57" titel="41">
    <item name="PORTG.00" />
  </pin>
  <pin name="PORTG.01" cfg="IO" addr="56" titel="40">
    <item name="PORTG.01" />
  </pin>
  <pin name="PORTG.02" cfg="IO" addr="55" titel="39">
    <item name="PORTG.02" />
  </pin>
  <pin name="PORTG.03" cfg="None" />
  <pin name="PORTG.04" cfg="None" />
  <pin name="PORTG.05" cfg="IO" addr="20" titel="4">
    <item name="PORTG.05" />
    <item name="PWM 00.1" />
  </pin>
  <pin name="PORTH.00" cfg="IO" addr="33" titel="17">
    <item name="PORTH.00" />
    <item name="RX 2.0" />
  </pin>
  <pin name="PORTH.01" cfg="IO" addr="32" titel="16">
    <item name="PORTH.01" />
    <item name="TX 2.0" />
  </pin>
  <pin name="PORTH.02" cfg="None" />
  <pin name="PORTH.03" cfg="IO" addr="22" titel="6">
    <item name="PORTH.03" />
    <item name="PWM 04.0" />
  </pin>
  <pin name="PORTH.04" cfg="IO" addr="23" titel="7">
    <item name="PORTH.04" />
    <item name="PWM 04.1" />
  </pin>
  <pin name="PORTH.05" cfg="IO" addr="24" titel="8">
    <item name="PORTH.05" />
    <item name="PWM 04.2" />
  </pin>
  <pin name="PORTH.06" cfg="IO" addr="25" titel="9">
    <item name="PORTH.06" />
  </pin>
  <pin name="PORTH.07" cfg="None" />
  <pin name="PORTJ.00" cfg="IO" addr="31" titel="15">
    <item name="PORTJ.00" />
    <item name="RX 3.0" />
  </pin>
  <pin name="PORTJ.01" cfg="IO" addr="30" titel="14">
    <item name="PORTJ.01" />
    <item name="TX 3.0" />
  </pin>
  <pin name="PORTJ.02" cfg="None" />
  <pin name="PORTJ.03" cfg="None" />
  <pin name="PORTJ.04" cfg="None" />
  <pin name="PORTJ.05" cfg="None" />
  <pin name="PORTJ.06" cfg="None" />
  <pin name="PORTJ.07" cfg="None" />
  <pin name="PORTK.00" cfg="IO" addr="8" titel="A8">
    <item name="PORTK.00" />
    <item name="AIN 32" />
  </pin>
  <pin name="PORTK.01" cfg="IO" addr="9" titel="A9">
    <item name="PORTK.01" />
    <item name="AIN 33" />
  </pin>
  <pin name="PORTK.02" cfg="IO" addr="10" titel="A10">
    <item name="PORTK.02" />
    <item name="AIN 34" />
  </pin>
  <pin name="PORTK.03" cfg="IO" addr="11" titel="A11">
    <item name="PORTK.03" />
    <item name="AIN 35" />
  </pin>
  <pin name="PORTK.04" cfg="IO" addr="12" titel="A12">
    <item name="PORTK.04" />
    <item name="AIN 36" />
  </pin>
  <pin name="PORTK.05" cfg="IO" addr="13" titel="A13">
    <item name="PORTK.05" />
    <item name="AIN 37" />
  </pin>
  <pin name="PORTK.06" cfg="IO" addr="14" titel="A14">
    <item name="PORTK.06" />
    <item name="AIN 38" />
  </pin>
  <pin name="PORTK.07" cfg="IO" addr="15" titel="A15">
    <item name="PORTK.07" />
    <item name="AIN 39" />
  </pin>
  <pin name="PORTL.00" cfg="IO" addr="65" titel="49">
    <item name="PORTL.00" />
  </pin>
  <pin name="PORTL.01" cfg="IO" addr="64" titel="48">
    <item name="PORTL.01" />
  </pin>
  <pin name="PORTL.02" cfg="IO" addr="63" titel="47">
    <item name="PORTL.02" />
  </pin>
  <pin name="PORTL.03" cfg="IO" addr="62" titel="46">
    <item name="PORTL.03" />
    <item name="PWM 05.0" />
  </pin>
  <pin name="PORTL.04" cfg="IO" addr="61" titel="45">
    <item name="PORTL.04" />
    <item name="PWM 05.1" />
  </pin>
  <pin name="PORTL.05" cfg="IO" addr="60" titel="44">
    <item name="PORTL.05" />
    <item name="PWM 05.2" />
  </pin>
  <pin name="PORTL.06" cfg="IO" addr="59" titel="43">
    <item name="PORTL.06" />
  </pin>
  <pin name="PORTL.07" cfg="IO" addr="58" titel="42">
    <item name="PORTL.07" />
  </pin>
  <pin name="Osc" cfg="System">
    <item name="16.0MHz" />
  </pin>
</prj>