<?xml version="1.0" encoding="utf-8"?>
<prj cpu="STM32F051KT" phy1="CC1101">
  <pin name="PA.00" cfg="None" />
  <pin name="PA.01" cfg="IO" addr="0" titel="1.01">
    <item name="PA.01" />
    <item name="PWM 02.2" />
    <item name="AIN 01" />
  </pin>
  <pin name="PA.02" cfg="IO" addr="1" titel="1.02">
    <item name="PA.02" />
    <item name="PWM 02.3" />
    <item name="AIN 02" />
    <item name="TX 2.0" />
  </pin>
  <pin name="PA.03" cfg="IO" addr="2" titel="1.03">
    <item name="PA.03" />
    <item name="PWM 02.4" />
    <item name="AIN 03" />
    <item name="RX 2.0" />
  </pin>
  <pin name="PA.04" cfg="IO" addr="3" titel="1.04">
    <item name="PA.04" />
    <item name="PWM 14.1" />
    <item name="AIN 04" />
  </pin>
  <pin name="PA.05" cfg="IO" addr="4" titel="1.05">
    <item name="PA.05" />
    <item name="PWM 02.1" />
    <item name="AIN 05" />
  </pin>
  <pin name="PA.06" cfg="IO" addr="5" titel="1.06">
    <item name="PA.06" />
    <item name="PWM 03.1" />
    <item name="AIN 06" />
  </pin>
  <pin name="PA.07" cfg="IO" addr="6" titel="1.07">
    <item name="PA.07" />
    <item name="PWM 03.2" />
    <item name="AIN 07" />
  </pin>
  <pin name="PA.08" cfg="None" />
  <pin name="PA.09" cfg="None" />
  <pin name="PA.10" cfg="None" />
  <pin name="PA.11" cfg="None" />
  <pin name="PA.12" cfg="None" />
  <pin name="PA.13" cfg="System">
    <item name="SWDAT" />
  </pin>
  <pin name="PA.14" cfg="System">
    <item name="SWCLK" />
  </pin>
  <pin name="PA.15" cfg="Phy1">
    <item name="PA.15" func="NSS" />
  </pin>
  <pin name="PB.00" cfg="IO" addr="7" titel="1.08">
    <item name="PB.00" />
    <item name="PWM 03.3" />
    <item name="AIN 08" />
  </pin>
  <pin name="PB.01" cfg="None" />
  <pin name="PB.02" cfg="None" />
  <pin name="PB.03" cfg="Phy1">
    <item name="SCK 1.2" />
  </pin>
  <pin name="PB.04" cfg="Phy1">
    <item name="MISO 1.2" />
  </pin>
  <pin name="PB.05" cfg="Phy1">
    <item name="MOSI 1.2" />
  </pin>
  <pin name="PB.06" cfg="None">
    <item name="SCL 1.1" />
  </pin>
  <pin name="PB.07" cfg="None">
    <item name="SDA 1.1" />
  </pin>
  <pin name="PB.08" cfg="System">
    <item name="LED_P" />
  </pin>
  <pin name="PF.00" cfg="None" />
  <pin name="PF.01" cfg="None" />
  <pin name="RTC" cfg="System">
    <item name="LSI" />
  </pin>
</prj>