<?xml version="1.0" encoding="utf-8"?>
<prj cpu="STM32F051KT" phy1="RS485">
  <pin name="GPIOA.00" cfg="IO" addr="0" titel="X1">
    <item name="GPIOA.00" />
    <item name="PWM 02.0" />
    <item name="AIN 00" />
  </pin>
  <pin name="GPIOA.01" cfg="IO" addr="1" titel="X2">
    <item name="GPIOA.01" />
    <item name="PWM 02.1" />
    <item name="AIN 01" />
  </pin>
  <pin name="GPIOA.02" cfg="IO" addr="2" titel="X3">
    <item name="GPIOA.02" />
    <item name="PWM 02.2" />
    <item name="AIN 02" />
    <item name="TX 2.0" />
  </pin>
  <pin name="GPIOA.03" cfg="IO" addr="3" titel="X4">
    <item name="GPIOA.03" />
    <item name="PWM 02.3" />
    <item name="AIN 03" />
    <item name="RX 2.0" />
  </pin>
  <pin name="GPIOA.04" cfg="System">
    <item name="LED_P" />
  </pin>
  <pin name="GPIOA.05" cfg="None" />
  <pin name="GPIOA.06" cfg="IO" addr="4" titel="X5">
    <item name="GPIOA.06" />
    <item name="PWM 03.0" />
    <item name="AIN 06" />
  </pin>
  <pin name="GPIOA.07" cfg="IO" addr="5" titel="X6">
    <item name="GPIOA.07" />
    <item name="PWM 03.1" />
    <item name="AIN 07" />
  </pin>
  <pin name="GPIOA.08" cfg="None" />
  <pin name="GPIOA.09" cfg="Phy1">
    <item name="TX 1.0" />
  </pin>
  <pin name="GPIOA.10" cfg="Phy1">
    <item name="RX 1.0" />
  </pin>
  <pin name="GPIOA.11" cfg="None" />
  <pin name="GPIOA.12" cfg="Phy1">
    <item name="DE 1.0" />
  </pin>
  <pin name="GPIOA.13" cfg="System">
    <item name="SWDAT" />
  </pin>
  <pin name="GPIOA.14" cfg="System">
    <item name="SWCLK" />
  </pin>
  <pin name="GPIOA.15" cfg="None" />
  <pin name="GPIOB.00" cfg="IO" addr="6" titel="X7">
    <item name="GPIOB.00" />
    <item name="PWM 03.2" />
    <item name="AIN 08" />
  </pin>
  <pin name="GPIOB.01" cfg="IO" addr="7" titel="X8">
    <item name="GPIOB.01" />
    <item name="PWM 03.3" />
    <item name="AIN 09" />
  </pin>
  <pin name="GPIOB.02" cfg="None" />
  <pin name="GPIOB.03" cfg="None" />
  <pin name="GPIOB.04" cfg="None" />
  <pin name="GPIOB.05" cfg="None" />
  <pin name="GPIOB.06" cfg="None">
    <item name="SCL 1.0" />
  </pin>
  <pin name="GPIOB.07" cfg="None">
    <item name="SDA 1.0" />
  </pin>
  <pin name="GPIOB.08" cfg="None" />
  <pin name="GPIOF.00" cfg="System">
    <item name="HSE_IN" />
  </pin>
  <pin name="GPIOF.01" cfg="System">
    <item name="HSE_OUT" />
  </pin>
  <pin name="RTC" cfg="System">
    <item name="HSE" />
  </pin>
</prj>