<?xml version="1.0" encoding="utf-8"?>
<prj cpu="STM32F051CT" phy1="RFM69">
  <pin name="GPIOA.00" cfg="IO" addr="15" titel="CN3">
    <item name="GPIOA.00" />
    <item name="PWM 02.0" />
    <item name="AIN 00" />
  </pin>
  <pin name="GPIOA.01" cfg="IO" addr="14" titel="CN4">
    <item name="GPIOA.01" />
    <item name="PWM 02.1" />
    <item name="AIN 01" />
  </pin>
  <pin name="GPIOA.02" cfg="IO" addr="13" titel="CN5">
    <item name="GPIOA.02" />
    <item name="PWM 15.0" />
    <item name="AIN 02" />
    <item name="TX 2.0" />
  </pin>
  <pin name="GPIOA.03" cfg="IO" addr="12" titel="CN6">
    <item name="GPIOA.03" />
    <item name="PWM 15.1" />
    <item name="AIN 03" />
    <item name="RX 2.0" />
  </pin>
  <pin name="GPIOA.04" cfg="IO" addr="5" titel="CN15">
    <item name="GPIOA.04" />
    <item name="PWM 14.0" />
    <item name="AIN 04" />
  </pin>
  <pin name="GPIOA.05" cfg="IO" addr="4" titel="CN16">
    <item name="GPIOA.05" />
    <item name="PWM 02.0" />
    <item name="AIN 05" />
  </pin>
  <pin name="GPIOA.06" cfg="IO" addr="3" titel="CN17">
    <item name="GPIOA.06" />
    <item name="PWM 03.0" />
    <item name="AIN 06" />
  </pin>
  <pin name="GPIOA.07" cfg="IO" addr="2" titel="CN18">
    <item name="GPIOA.07" />
    <item name="PWM 03.1" />
    <item name="AIN 07" />
  </pin>
  <pin name="GPIOA.08" cfg="Phy1">
    <item name="GPIOA.08" func="IRQ" />
  </pin>
  <pin name="GPIOA.09" cfg="IO" addr="9" titel="CN9">
    <item name="GPIOA.09" />
    <item name="PWM 01.1" />
    <item name="TX 1.0" />
  </pin>
  <pin name="GPIOA.10" cfg="IO" addr="8" titel="CN10">
    <item name="GPIOA.10" />
    <item name="PWM 01.2" />
    <item name="RX 1.0" />
  </pin>
  <pin name="GPIOA.11" cfg="IO" addr="11" titel="CN7">
    <item name="GPIOA.11" />
    <item name="PWM 01.3" />
  </pin>
  <pin name="GPIOA.12" cfg="IO" addr="10" titel="CN8">
    <item name="GPIOA.12" />
  </pin>
  <pin name="GPIOA.13" cfg="System">
    <item name="SWDAT" />
  </pin>
  <pin name="GPIOA.14" cfg="System">
    <item name="SWCLK" />
  </pin>
  <pin name="GPIOA.15" cfg="None" />
  <pin name="GPIOB.00" cfg="IO" addr="1" titel="CN19">
    <item name="GPIOB.00" />
    <item name="PWM 03.2" />
    <item name="AIN 08" />
  </pin>
  <pin name="GPIOB.01" cfg="IO" addr="0" titel="CN20">
    <item name="GPIOB.01" />
    <item name="PWM 03.3" />
    <item name="AIN 09" />
  </pin>
  <pin name="GPIOB.02" cfg="System">
    <item name="LED_P" />
  </pin>
  <pin name="GPIOB.03" cfg="None" />
  <pin name="GPIOB.04" cfg="None" />
  <pin name="GPIOB.05" cfg="None" />
  <pin name="GPIOB.06" cfg="None" />
  <pin name="GPIOB.07" cfg="None" />
  <pin name="GPIOB.08" cfg="None" />
  <pin name="GPIOB.09" cfg="None" />
  <pin name="GPIOB.10" cfg="IO" addr="7" titel="CN13">
    <item name="GPIOB.10" />
    <item name="SCL 2.0" />
    <item name="PWM 02.2" />
  </pin>
  <pin name="GPIOB.11" cfg="IO" addr="6" titel="CN14">
    <item name="GPIOB.11" />
    <item name="SDA 2.0" />
    <item name="PWM 02.3" />
  </pin>
  <pin name="GPIOB.12" cfg="Phy1">
    <item name="GPIOB.12" func="NCS" />
  </pin>
  <pin name="GPIOB.13" cfg="Phy1">
    <item name="SCK 2.1" func="CLK" />
  </pin>
  <pin name="GPIOB.14" cfg="Phy1">
    <item name="MISO 2.1" func="SO" />
  </pin>
  <pin name="GPIOB.15" cfg="Phy1">
    <item name="MOSI 2.1" func="SI" />
  </pin>
  <pin name="GPIOC.13" cfg="None" />
  <pin name="GPIOC.14" cfg="None" />
  <pin name="GPIOC.15" cfg="None" />
  <pin name="GPIOF.00" cfg="System">
    <item name="HSE_IN" />
  </pin>
  <pin name="GPIOF.01" cfg="System">
    <item name="HSE_OUT" />
  </pin>
  <pin name="GPIOF.06" cfg="None" />
  <pin name="GPIOF.07" cfg="None" />
  <pin name="RTC" cfg="System">
    <item name="LSI" />
  </pin>
  <pin name="PLC" cfg="System">
    <item name="8" />
  </pin>
</prj>