<?xml version="1.0" encoding="utf-8"?>
<prj cpu="STM32F103CT" phy1="ENC28J60" phy2="CC1101">
  <pin name="GPIOA.00" cfg="None" />
  <pin name="GPIOA.01" cfg="None" />
  <pin name="GPIOA.02" cfg="None" />
  <pin name="GPIOA.03" cfg="None" />
  <pin name="GPIOA.04" cfg="None" />
  <pin name="GPIOA.05" cfg="None" />
  <pin name="GPIOA.06" cfg="None" />
  <pin name="GPIOA.07" cfg="None" />
  <pin name="GPIOA.08" cfg="None" />
  <pin name="GPIOA.09" cfg="None" />
  <pin name="GPIOA.10" cfg="None" />
  <pin name="GPIOA.11" cfg="None" />
  <pin name="GPIOA.12" cfg="None" />
  <pin name="GPIOA.13" cfg="System">
    <item name="SWDAT" />
  </pin>
  <pin name="GPIOA.14" cfg="System">
    <item name="SWCLK" />
  </pin>
  <pin name="GPIOA.15" cfg="None" />
  <pin name="GPIOB.00" cfg="None" />
  <pin name="GPIOB.01" cfg="System">
    <item name="LED_P" />
  </pin>
  <pin name="GPIOB.02" cfg="None" />
  <pin name="GPIOB.03" cfg="Phy2">
    <item name="SCK 1.2" func="CLK" />
  </pin>
  <pin name="GPIOB.04" cfg="Phy2">
    <item name="MISO 1.2" func="SO" />
  </pin>
  <pin name="GPIOB.05" cfg="Phy2">
    <item name="MOSI 1.2" func="SI" />
  </pin>
  <pin name="GPIOB.06" cfg="Phy2">
    <item name="GPIOB.06" func="NCS" />
  </pin>
  <pin name="GPIOB.07" cfg="Phy2">
    <item name="GPIOB.07" func="GPIO0" />
  </pin>
  <pin name="GPIOB.08" cfg="None" />
  <pin name="GPIOB.09" cfg="None" />
  <pin name="GPIOB.10" cfg="None" />
  <pin name="GPIOB.11" cfg="None" />
  <pin name="GPIOB.12" cfg="Phy1">
    <item name="GPIOB.12" func="NCS" />
  </pin>
  <pin name="GPIOB.13" cfg="Phy1">
    <item name="SCK 2.0" func="CLK" />
  </pin>
  <pin name="GPIOB.14" cfg="Phy1">
    <item name="MISO 2.0" func="SO" />
  </pin>
  <pin name="GPIOB.15" cfg="Phy1">
    <item name="MOSI 2.0" func="SI" />
  </pin>
  <pin name="GPIOC.13" cfg="None" />
  <pin name="GPIOC.14" cfg="None" />
  <pin name="GPIOC.15" cfg="None" />
  <pin name="GPIOD.00" cfg="System">
    <item name="HSE_IN" />
  </pin>
  <pin name="GPIOD.01" cfg="System">
    <item name="HSE_OUT" />
  </pin>
  <pin name="RTC" cfg="System">
    <item name="HSE" />
  </pin>
</prj>