<?xml version="1.0" encoding="utf-8"?>
<prj cpu="STM32F303KT" phy1="CC1101">
  <pin name="GPIOA.00" cfg="IO" addr="0" titel="P1.3">
    <item name="GPIOA.00" />
    <item name="AIN 00" />
    <item name="PWM 02.0" />
  </pin>
  <pin name="GPIOA.01" cfg="IO" addr="1" titel="P1.4">
    <item name="GPIOA.01" />
    <item name="AIN 01" />
    <item name="PWM 02.1" />
  </pin>
  <pin name="GPIOA.02" cfg="IO" addr="2" titel="P1.5">
    <item name="GPIOA.02" />
    <item name="AIN 02" />
    <item name="PWM 02.2" />
    <item name="TX 2.0" />
  </pin>
  <pin name="GPIOA.03" cfg="IO" addr="3" titel="P1.6">
    <item name="GPIOA.03" />
    <item name="AIN 03" />
    <item name="PWM 02.3" />
    <item name="RX 2.0" />
  </pin>
  <pin name="GPIOA.04" cfg="IO" addr="4" titel="P1.7">
    <item name="GPIOA.04" />
    <item name="AIN 04" />
    <item name="PWM 03.1" />
  </pin>
  <pin name="GPIOA.05" cfg="IO" addr="5" titel="P1.8">
    <item name="GPIOA.05" />
    <item name="AIN 05" />
    <item name="PWM 02.0" />
  </pin>
  <pin name="GPIOA.06" cfg="IO" addr="6" titel="P1.9">
    <item name="GPIOA.06" />
    <item name="AIN 06" />
    <item name="PWM 03.0" />
  </pin>
  <pin name="GPIOA.07" cfg="IO" addr="7" titel="P1.10">
    <item name="GPIOA.07" />
    <item name="AIN 07" />
    <item name="PWM 17.0" />
  </pin>
  <pin name="GPIOA.08" cfg="None" />
  <pin name="GPIOA.09" cfg="IO" addr="14" titel="P2.9">
    <item name="GPIOA.09" />
    <item name="PWM 01.1" />
    <item name="TX 1.0" />
  </pin>
  <pin name="GPIOA.10" cfg="IO" addr="13" titel="P2.8">
    <item name="GPIOA.10" />
    <item name="PWM 01.2" />
    <item name="RX 1.0" />
  </pin>
  <pin name="GPIOA.11" cfg="None" />
  <pin name="GPIOA.12" cfg="IO" addr="12" titel="P2.7">
    <item name="GPIOA.12" />
    <item name="PWM 16.0" />
  </pin>
  <pin name="GPIOA.13" cfg="IO" addr="11" titel="P2.6">
    <item name="GPIOA.13" />
  </pin>
  <pin name="GPIOA.14" cfg="IO" addr="10" titel="P2.5">
    <item name="GPIOA.14" />
  </pin>
  <pin name="GPIOA.15" cfg="Phy1">
    <item name="GPIOA.15" func="NCS" />
  </pin>
  <pin name="GPIOB.00" cfg="System">
    <item name="LED_P" />
  </pin>
  <pin name="GPIOB.01" cfg="IO" addr="15" titel="LED2">
    <item name="GPIOB.01" />
    <item name="PWM 03.3" />
  </pin>
  <pin name="GPIOB.03" cfg="Phy1">
    <item name="SCK 1.2" func="CLK" />
  </pin>
  <pin name="GPIOB.04" cfg="Phy1">
    <item name="MISO 1.2" func="SO" />
  </pin>
  <pin name="GPIOB.05" cfg="Phy1">
    <item name="MOSI 1.2" func="SI" />
  </pin>
  <pin name="GPIOB.06" cfg="IO" addr="8" titel="P2.3">
    <item name="GPIOB.06" />
    <item name="SCL 1.0" />
  </pin>
  <pin name="GPIOB.07" cfg="IO" addr="9" titel="P2.4">
    <item name="GPIOB.07" />
    <item name="SDA 1.0" />
    <item name="PWM 03.3" />
  </pin>
  <pin name="GPIOF.00" cfg="System">
    <item name="HSE_IN" />
  </pin>
  <pin name="GPIOF.01" cfg="System">
    <item name="HSE_OUT" />
  </pin>
  <pin name="RTC" cfg="System">
    <item name="LSI" />
  </pin>
  <pin name="PLC" cfg="System">
    <item name="16" />
  </pin>
</prj>