<?xml version="1.0" encoding="utf-8"?>
<prj cpu="STM32L151R" phy1="SPIRIT1">
  <pin name="GPIOA.00" cfg="IO" addr="2" titel="SHDN 2">
    <item name="GPIOA.00" />
    <item name="PWM 02.0" />
    <item name="AIN 00" />
  </pin>
  <pin name="GPIOA.01" cfg="None" />
  <pin name="GPIOA.02" cfg="IO" addr="1" titel="TXRXLED1">
    <item name="GPIOA.02" />
    <item name="PWM 02.2" />
    <item name="AIN 02" />
  </pin>
  <pin name="GPIOA.03" cfg="None" />
  <pin name="GPIOA.04" cfg="Phy1">
    <item name="GPIOA.04" func="NCS" />
  </pin>
  <pin name="GPIOA.05" cfg="Phy1">
    <item name="SCK 1.1" func="CLK" />
  </pin>
  <pin name="GPIOA.06" cfg="Phy1">
    <item name="MISO 1.1" func="SO" />
  </pin>
  <pin name="GPIOA.07" cfg="Phy1">
    <item name="MOSI 1.1" func="SI" />
  </pin>
  <pin name="GPIOA.08" cfg="None" />
  <pin name="GPIOA.09" cfg="IO" addr="13" titel="TXD">
    <item name="GPIOA.09" />
    <item name="TX 1.0" />
  </pin>
  <pin name="GPIOA.10" cfg="IO" addr="14" titel="RXD">
    <item name="GPIOA.10" />
    <item name="RX 1.0" />
  </pin>
  <pin name="GPIOA.11" cfg="None" />
  <pin name="GPIOA.12" cfg="None" />
  <pin name="GPIOA.13" cfg="IO" addr="9" titel="SWDIO">
    <item name="GPIOA.13" />
  </pin>
  <pin name="GPIOA.14" cfg="IO" addr="10" titel="SWCLK">
    <item name="GPIOA.14" />
  </pin>
  <pin name="GPIOA.15" cfg="None" />
  <pin name="GPIOB.00" cfg="None" />
  <pin name="GPIOB.01" cfg="None" />
  <pin name="GPIOB.02" cfg="System">
    <item name="BOOT1" />
  </pin>
  <pin name="GPIOB.03" cfg="None" />
  <pin name="GPIOB.04" cfg="None" />
  <pin name="GPIOB.05" cfg="None" />
  <pin name="GPIOB.06" cfg="IO" addr="15">
    <item name="GPIOB.06" />
    <item name="PWM 04.0" />
    <item name="SCL 1.0" />
  </pin>
  <pin name="GPIOB.07" cfg="IO" addr="16">
    <item name="GPIOB.07" />
    <item name="PWM 04.1" />
    <item name="SDA 1.0" />
  </pin>
  <pin name="GPIOB.08" cfg="None" />
  <pin name="GPIOB.09" cfg="None" />
  <pin name="GPIOB.10" cfg="None" />
  <pin name="GPIOB.11" cfg="Phy1">
    <item name="GPIOB.11" func="GPIO1" />
  </pin>
  <pin name="GPIOB.12" cfg="IO" addr="6" titel="MODE1">
    <item name="GPIOB.12" />
    <item name="PWM 10.0" />
    <item name="AIN 18" />
  </pin>
  <pin name="GPIOB.13" cfg="IO" addr="5" titel="MODE0">
    <item name="GPIOB.13" />
    <item name="PWM 09.0" />
    <item name="AIN 19" />
  </pin>
  <pin name="GPIOB.14" cfg="IO" addr="4" titel="GPIO1">
    <item name="GPIOB.14" />
    <item name="PWM 09.1" />
    <item name="AIN 20" />
  </pin>
  <pin name="GPIOB.15" cfg="IO" addr="3" titel="GPIO0">
    <item name="GPIOB.15" />
    <item name="PWM 11.0" />
    <item name="AIN 21" />
  </pin>
  <pin name="GPIOC.00" cfg="None" />
  <pin name="GPIOC.01" cfg="None" />
  <pin name="GPIOC.02" cfg="None" />
  <pin name="GPIOC.03" cfg="None" />
  <pin name="GPIOC.04" cfg="Phy1">
    <item name="GPIOC.04" func="GPIO0" />
  </pin>
  <pin name="GPIOC.05" cfg="Phy1">
    <item name="GPIOC.05" func="GPIO2" />
  </pin>
  <pin name="GPIOC.06" cfg="None" />
  <pin name="GPIOC.07" cfg="None" />
  <pin name="GPIOC.08" cfg="None" />
  <pin name="GPIOC.09" cfg="None" />
  <pin name="GPIOC.10" cfg="None" />
  <pin name="GPIOC.11" cfg="None" />
  <pin name="GPIOC.12" cfg="None" />
  <pin name="GPIOC.13" cfg="None" />
  <pin name="GPIOC.14" cfg="System">
    <item name="LSE_IN" />
  </pin>
  <pin name="GPIOC.15" cfg="System">
    <item name="LSE_OUT" />
  </pin>
  <pin name="GPIOD.02" cfg="None" />
  <pin name="GPIOH.00" cfg="System">
    <item name="HSE_IN" />
  </pin>
  <pin name="GPIOH.01" cfg="System">
    <item name="HSE_OUT" />
  </pin>
  <pin name="RTC" cfg="System">
    <item name="LSI" />
  </pin>
</prj>