<?xml version="1.0" encoding="utf-8"?>
<phy name="CC1101" signature="C">
  <pin name="NCS" signal="SPI_NSS"/>
  <pin name="CLK" signal="SPI_SCK"/>
  <pin name="SO"  signal="SPI_MISO"/>
  <pin name="SI"  signal="SPI_MOSI"/>
  <pin name="GPIO0" signal="DIO" optional="true" />
  <pin name="GPIO2" signal="DIO" optional="true" />
  <append fmt="#define CC11_USE_SPI                {0}">
      <var name="spi.channel"/>
  </append>
  <append fmt="#define CC11_NSS_PIN                {0}">
      <var name="NCS.pinnr"/>
  </append>
  <append fmt="#define CC11_WAIT_LOW_MISO()        while({0})">
    <var name="SO.pinget" />
  </append>
  <append fmt="#define CC11_SELECT()               {0}">
    <var name="NCS.pinrst" />
  </append>
  <append fmt="#define CC11_RELEASE()              {0}">
    <var name="NCS.pinset"/>
  </append>
  <!--IRQ -->
  <append fmt="#define CC11_IRQ_PIN                {0}">
      <var name="GPIO0.pinnr"/>
  </append>
  <append fmt="#define CC11_IRQ_STATE()            (({0}) != 0)">
    <var name="GPIO0.pinget"/>
  </append>
  <!-- Global -->
  <append fmt="#define CC11_PHY                    {0}">
      <var name="nr"/>
  </append>
  <append fmt="#define CC11_DEFAULT_FREQ           868300000UL"/>
  <append fmt="#include &quot;PHY/CC1101/cc11_phy.h&quot;"/>
</phy>