<?xml version="1.0" encoding="utf-8"?>
<cpu name="A4" ainref="0x0F">
  <!-- ainref
    Bit0 - Ext('e'), Bit1 - Vcc('v'), Bit2 - Int1('i'), Bit3 - Int2('I')
  -->
  <!-- pin 
    fpin    - номер ноги контроллера
  -->
  <!-- pwm  
    timer   - номер таймера
    channel - канал таймер
  -->
  <!-- ain
    channel - внутренний номер аналогового входа
  -->
  <port name="PORTA" titel="PA" offset="00" nr="0" pinset="PORTA |= (1 &lt;&lt; {0})" pinrst="PORTA amp;= ~(1 &lt;&lt; {0})" pinget="PINA &amp; (1 &lt;&lt; {0})">
    <pin idx="0" fpin="78">
      <dio />
    </pin>
    <pin idx="1" fpin="77">
      <dio />
    </pin>
    <pin idx="2" fpin="76">
      <dio />
    </pin>
    <pin idx="3" fpin="75">
      <dio />
    </pin>
    <pin idx="4" fpin="74">
      <dio />
    </pin>
    <pin idx="5" fpin="73">
      <dio />
    </pin>
    <pin idx="6" fpin="72">
      <dio />
    </pin>
    <pin idx="7" fpin="71">
      <dio />
    </pin>
  </port>
  <port name="PORTB" titel="PB" offset="08" nr="1" pinset="PORTB |= (1 &lt;&lt; {0})" pinrst="PORTB &amp;= ~(1 &lt;&lt; {0})" pinget="PINB &amp; (1 &lt;&lt; {0})">
    <pin idx="0" fpin="19">
      <dio />
      <spi name="NSS"  channel="1" config="1" />
    </pin>
    <pin idx="1" fpin="20">
      <dio />
      <spi name="SCK"  channel="1" config="1" />
    </pin>
    <pin idx="2" fpin="21">
      <dio />
      <spi name="MOSI" channel="1" config="1" />
    </pin>
    <pin idx="3" fpin="22">
      <dio />
      <spi name="MISO" channel="1" config="1" />
    </pin>
    <pin idx="4" fpin="23">
      <dio />
    </pin>
    <pin idx="5" fpin="24">
      <dio />
      <pwm name="OC1A" timer="1" channel="0"/>
    </pin>
    <pin idx="6" fpin="25">
      <dio />
      <pwm name="OC1B" timer="1" channel="1"/>
    </pin>
    <pin idx="7" fpin="26">
      <dio />
      <pwm name="OC1C" timer="1" channel="2"/>
      <pwm name="OC0A" timer="0" channel="0"/>
    </pin>
  </port>
  <port name="PORTC" titel="PC" offset="16" nr="2" pinset="PORTC |= (1 &lt;&lt; {0})" pinrst="PORTC &amp;= ~(1 &lt;&lt; {0})" pinget="PINC &amp; (1 &lt;&lt; {0})">
    <pin idx="0" fpin="53">
      <dio />
    </pin>
    <pin idx="1" fpin="54">
      <dio />
    </pin>
    <pin idx="2" fpin="55">
      <dio />
    </pin>
    <pin idx="3" fpin="56">
      <dio />
    </pin>
    <pin idx="4" fpin="57">
      <dio />
    </pin>
    <pin idx="5" fpin="58">
      <dio />
    </pin>
    <pin idx="6" fpin="59">
      <dio />
    </pin>
    <pin idx="7" fpin="60">
      <dio />
    </pin>
  </port>
  <port name="PORTD" titel="PD" offset="24" nr="3" pinset="PORTD |= (1 &lt;&lt; {0})" pinrst="PORTD &amp;= ~(1 &lt;&lt; {0})" pinget="PIND &amp; (1 &lt;&lt; {0})">
    <pin idx="0" fpin="43">
      <dio />
      <twi name="SCL" channel="1" config="0" />
    </pin>
    <pin idx="1" fpin="44">
      <dio />
      <twi name="SDA" channel="1" config="0" />
    </pin>
    <pin idx="2" fpin="45">
      <dio />
      <serial name="RX" channel="1" config="0" />
    </pin>
    <pin idx="3" fpin="46">
      <dio />
      <serial name="TX" channel="1" config="0" />
    </pin>
    <pin idx="4" fpin="47">
      <dio />
    </pin>
    <pin idx="5" fpin="48">
      <dio />
    </pin>
    <pin idx="6" fpin="49">
      <dio />
    </pin>
    <pin idx="7" fpin="50">
      <dio />
    </pin>
  </port>
  <port name="PORTE" titel="PE" offset="32" nr="4" pinset="PORTE |= (1 &lt;&lt; {0})" pinrst="PORTE &amp;= ~(1 &lt;&lt; {0})" pinget="PINE &amp; (1 &lt;&lt; {0})">
    <pin idx="0" fpin="02">
      <dio />
      <serial name="RX" channel="0" config="0" />
    </pin>
    <pin idx="1" fpin="03">
      <dio />
      <serial name="TX" channel="0" config="0" />
    </pin>
    <pin idx="2" fpin="04">
      <dio />
    </pin>
    <pin idx="3" fpin="05">
      <dio />
      <pwm name="OC3A" timer="3" channel="0"/>
    </pin>
    <pin idx="4" fpin="06">
      <dio />
      <pwm name="OC3B" timer="3" channel="1"/>
    </pin>
    <pin idx="5" fpin="07">
      <dio />
      <pwm name="OC3C" timer="3" channel="2"/>
    </pin>
    <pin idx="6" fpin="08">
      <dio />
    </pin>
    <pin idx="7" fpin="09">
      <dio />
    </pin>
  </port>
  <port name="PORTF" titel="PF" offset="40" nr="5" pinset="PORTF |= (1 &lt;&lt; {0})" pinrst="PORTF &amp;= ~(1 &lt;&lt; {0})" pinget="PINF &amp; (1 &lt;&lt; {0})">
    <pin idx="0" fpin="97">
      <dio />
      <ain name="AIN0" channel="0" />
    </pin>
    <pin idx="1" fpin="96">
      <dio />
      <ain name="AIN1" channel="1" />
    </pin>
    <pin idx="2" fpin="95">
      <dio />
      <ain name="AIN2" channel="2" />
    </pin>
    <pin idx="3" fpin="94">
      <dio />
      <ain name="AIN3" channel="3" />
    </pin>
    <pin idx="4" fpin="93">
      <dio />
      <ain name="AIN4" channel="4" />
      <system name="JTCK" />
    </pin>
    <pin idx="5" fpin="92">
      <dio />
      <ain name="AIN5" channel="5" />
      <system name="JTMS" />
    </pin>
    <pin idx="6" fpin="91">
      <dio />
      <ain name="AIN6" channel="6" />
      <system name="JTD0" />
    </pin>
    <pin idx="7" fpin="90">
      <dio />
      <ain name="AIN7" channel="7" />
      <system name="JTDI" />
    </pin>
  </port>
  <port name="PORTG" titel="PG" offset="48" nr="6" pinset="PORTG |= (1 &lt;&lt; {0})" pinrst="PORTG &amp;= ~(1 &lt;&lt; {0})" pinget="PING &amp; (1 &lt;&lt; {0})">
    <pin idx="0" fpin="51">
      <dio />
    </pin>
    <pin idx="1" fpin="52">
      <dio />
    </pin>
    <pin idx="2" fpin="70">
      <dio />
    </pin>
    <pin idx="3" fpin="28">
      <dio />
      <system name="LSE_OUT"/>
    </pin>
    <pin idx="4" fpin="29">
      <dio />
      <system name="LSE_IN"/>
    </pin>
    <pin idx="5" fpin="01">
      <dio />
      <pwm name="OC0B" timer="0" channel="1"/>
    </pin>
  </port>
  <port name="PORTH" titel="PH" offset="56" nr="7" pinset="PORTH |= (1 &lt;&lt; {0})" pinrst="PORTH &amp;= ~(1 &lt;&lt; {0})" pinget="PINH &amp; (1 &lt;&lt; {0})">
    <pin idx="0" fpin="12">
      <dio />
      <serial name="RX" channel="2" config="0" />
    </pin>
    <pin idx="1" fpin="13">
      <dio />
      <serial name="TX" channel="2" config="0" />
    </pin>
    <pin idx="2" fpin="14">
      <dio />
    </pin>
    <pin idx="3" fpin="15">
      <dio />
      <pwm name="OC4A" timer="4" channel="0"/>
    </pin>
    <pin idx="4" fpin="16">
      <dio />
      <pwm name="OC4B" timer="4" channel="1"/>
    </pin>
    <pin idx="5" fpin="17">
      <dio />
      <pwm name="OC4C" timer="4" channel="2"/>
    </pin>
    <pin idx="6" fpin="18">
      <dio />
    </pin>
    <pin idx="7" fpin="27">
      <dio />
    </pin>
  </port>
  <port name="PORTJ" titel="PJ" offset="64" nr="8" pinset="PORTJ |= (1 &lt;&lt; {0})" pinrst="PORTJ &amp;= ~(1 &lt;&lt; {0})" pinget="PINJ &amp; (1 &lt;&lt; {0})">
    <pin idx="0" fpin="63">
      <dio />
      <serial name="RX" channel="3" config="0" />
    </pin>
    <pin idx="1" fpin="64">
      <dio />
      <serial name="TX" channel="3" config="0" />
    </pin>
    <pin idx="2" fpin="65">
      <dio />
    </pin>
    <pin idx="3" fpin="66">
      <dio />
    </pin>
    <pin idx="4" fpin="67">
      <dio />
    </pin>
    <pin idx="5" fpin="68">
      <dio />
    </pin>
    <pin idx="6" fpin="69">
      <dio />
    </pin>
    <pin idx="7" fpin="79">
      <dio />
    </pin>
  </port>
  <port name="PORTK" titel="PK" offset="72" nr="9" pinset="PORTK |= (1 &lt;&lt; {0})" pinrst="PORTK &amp;= ~(1 &lt;&lt; {0})" pinget="PINK &amp; (1 &lt;&lt; {0})">
    <pin idx="0" fpin="89">
      <dio />
      <ain name="AIN8" channel="32" />
    </pin>
    <pin idx="1" fpin="88">
      <dio />
      <ain name="AIN9" channel="33" />
    </pin>
    <pin idx="2" fpin="87">
      <dio />
      <ain name="AIN10" channel="34" />
    </pin>
    <pin idx="3" fpin="86">
      <dio />
      <ain name="AIN11" channel="35" />
    </pin>
    <pin idx="4" fpin="85">
      <dio />
      <ain name="AIN12" channel="36" />
    </pin>
    <pin idx="5" fpin="84">
      <dio />
      <ain name="AIN13" channel="37" />
    </pin>
    <pin idx="6" fpin="83">
      <dio />
      <ain name="AIN14" channel="38" />
    </pin>
    <pin idx="7" fpin="82">
      <dio />
      <ain name="AIN15" channel="39" />
    </pin>
  </port>
  <port name="PORTL" titel="PL" offset="80" nr="10" pinset="PORTL |= (1 &lt;&lt; {0})" pinrst="PORTL &amp;= ~(1 &lt;&lt; {0})" pinget="PINL &amp; (1 &lt;&lt; {0})">
    <pin idx="0" fpin="35">
      <dio />
    </pin>
    <pin idx="1" fpin="36">
      <dio />
    </pin>
    <pin idx="2" fpin="37">
      <dio />
    </pin>
    <pin idx="3" fpin="38">
      <dio />
      <pwm name="OC5A" timer="5" channel="0"/>
    </pin>
    <pin idx="4" fpin="39">
      <dio />
      <pwm name="OC5B" timer="5" channel="1"/>
    </pin>
    <pin idx="5" fpin="40">
      <dio />
      <pwm name="OC5C" timer="5" channel="2"/>
    </pin>
    <pin idx="6" fpin="41">
      <dio />
    </pin>
    <pin idx="7" fpin="42">
      <dio />
    </pin>
  </port>
  <pin name="Osc">
    <system name="8.0MHz"   src="#define F_CPU                       8000000UL" />
    <system name="12.5MHz"  src="#define F_CPU                       12500000UL" />
    <system name="16.0MHz"  src="#define F_CPU                       16000000UL" />
  </pin>
</cpu>