<?xml version="1.0" encoding="utf-8"?>
<cpu name="S4" ainref="0x02">
    <!-- ainref
        Bit0 - Ext('e'), Bit1 - Vcc('v'), Bit2 - Int1('i'), Bit3 - Int2('I')
    -->
    <!-- pin 
            fpin    - номер ноги контроллера
    -->
    <!-- pwm  
            timer   - номер таймера
            channel - канал таймер
            af      - номер альтернативной функции
            -->
    <!-- ain
            channel - внутренний номер аналогового входа
            -->
  <port name="GPIOA" titel="PA" offset="0"  nr="0" pinset="GPIOA-&gt;BSRR = (1 &lt;&lt; {0})" pinrst="GPIOA-&gt;BRR = (1 &lt;&lt; {0})" pinget="GPIOA-&gt;IDR &amp; (1 &lt;&lt; {0})">
    <pin idx="0" fpin="10">
      <dio />
      <ain name="AIN0" channel="0" />
      <pwm name="TIM2_CH1" timer="2" channel="1" af="1"/>
    </pin>
    <pin idx="1" fpin="11">
      <dio />
      <ain name="AIN1" channel="1" />
      <pwm timer="2" channel="2" af="1"/>
      <serial name="DE" channel="2" config="0" />
    </pin>
    <pin idx="2" fpin="12">
      <dio />
      <ain name="AIN2" channel="2" />
      <pwm timer="2"   channel="3" af="1"/>
      <pwm timer="15"  channel="1" af="9"/>
      <serial name="TX" channel="2" config="0" />
      <serial name="TX" channel="2" config="13" />
    </pin>
    <pin idx="3" fpin="13">
      <dio />
      <ain name="AIN3" channel="3" />
      <pwm timer="2"   channel="4" af="1"/>
      <pwm timer="15"  channel="2" af="9"/>
      <serial name="RX" channel="2" config="0" />
    </pin>
    <pin idx="4" fpin="14">
      <dio />
      <ain name="AIN4" channel="4" />
      <pwm timer="3"  channel="2" af="2"/>
    </pin>
    <pin idx="5" fpin="15">
      <dio />
      <ain name="AIN5" channel="5" />
      <pwm timer="2"   channel="1" af="1"/>
      <spi name="SCK" channel="1" config="1" />
    </pin>
    <pin idx="6" fpin="16">
      <dio />
      <ain name="AIN6" channel="6" />
      <pwm timer="3"   channel="1" af="2"/>
      <pwm timer="16"  channel="1" af="1"/>
      <spi name="MISO" channel="1" config="1" />
    </pin>
    <pin idx="7" fpin="17">
      <dio />
      <pwm timer="3"   channel="2" af="2"/>
      <pwm timer="17"  channel="1" af="1"/>
      <ain name="AIN7" channel="7" />
      <spi name="MOSI" channel="1" config="1" />
    </pin>
    <pin idx="8" fpin="29">
      <dio />
      <pwm timer="1"   channel="1" af="6"/>
    </pin>
    <pin idx="9" fpin="30">
      <dio />
      <pwm timer="1"   channel="2" af="6"/>
      <pwm timer="2"   channel="3" af="10"/>
      <serial name="TX" channel="1" config="0" />
    </pin>
    <pin idx="10" fpin="31">
      <dio />
      <pwm timer="1"   channel="3" af="6"/>
      <pwm timer="2"   channel="4" af="10"/>
      <serial name="RX" channel="1" config="0" />
    </pin>
    <pin idx="11" fpin="32">
      <dio />
      <pwm timer="1"   channel="4" af="11"/>
    </pin>
    <pin idx="12" fpin="33">
      <dio />
      <pwm timer="16"  channel="1" af="1"/>
      <serial name="DE" channel="1" config="0" />
    </pin>
    <pin idx="13" fpin="34" default="SWDAT">
      <dio />
      <system name="SWDAT" af="0" />
    </pin>
    <pin idx="14" fpin="37" default="SWCLK">
      <dio />
      <system name="SWCLK" af="0" />
      <serial name="TX" channel="2" config="3"/>
      <twi name="SDA" channel="1" config="1" />
    </pin>
    <pin idx="15" fpin="38">
      <dio />
      <pwm timer="2"   channel="1" af="2"/>
      <serial name="RX" channel="2" config="3"/>
      <serial name="RX" channel="2" config="13"/>
      <twi name="SCL" channel="1" config="1" />
    </pin>
  </port>
  <port name="GPIOB" titel="PB" offset="16" nr="1" pinset="GPIOB-&gt;BSRR = (1 &lt;&lt; {0})" pinrst="GPIOB-&gt;BRR = (1 &lt;&lt; {0})" pinget="GPIOB-&gt;IDR &amp; (1 &lt;&lt; {0})">
    <pin idx="0" fpin="18">
      <dio />
      <pwm timer="3"   channel="3" af="2"/>
      <ain name="AIN8" channel="8" />
    </pin>
    <pin idx="1" fpin="19">
      <dio />
      <pwm timer="3"   channel="4" af="2"/>
      <ain name="AIN9" channel="9" />
    </pin>
    <pin idx="2" fpin="20">
      <dio />
      <ain name="AIN10" channel="10" />
    </pin>
    <pin idx="3" fpin="39">
      <dio />
      <pwm timer="2"   channel="2" af="1"/>
      <pwm timer="3"   channel="1" af="2"/>
      <spi name="SCK"  channel="1" config="2" />
      <serial name="TX" channel="2" config="2" />
    </pin>
    <pin idx="4" fpin="40">
      <dio />
      <pwm timer="16"  channel="1" af="1"/>
      <pwm timer="3"   channel="1" af="2"/>
      <spi name="MISO" channel="1" config="2" />
      <serial name="RX" channel="2" config="2" />
    </pin>
    <pin idx="5" fpin="41">
      <dio />
      <pwm timer="17"  channel="1" af="10"/>
      <spi name="MOSI" channel="1" config="2" />
    </pin>
    <pin idx="6" fpin="42">
      <dio />
      <serial name="TX" channel="1" config="1" />
      <twi name="SCL" channel="1" config="1" />
    </pin>
    <pin idx="7" fpin="43">
      <dio />
      <pwm timer="3"   channel="4" af="10"/>
      <serial name="RX" channel="1" config="1" />
      <twi name="SDA" channel="1" config="1" />
    </pin>
    <pin idx="8" fpin="45">
      <dio />
      <twi name="SCL" channel="1" config="2" />
      <pwm timer="16"  channel="1" af="1"/>
      <serial name="RX" channel="3" config="1" />
    </pin>
    <pin idx="9" fpin="46">
      <dio />
      <twi name="SDA" channel="1" config="2" />
      <pwm timer="17"  channel="1" af="1"/>
      <serial name="TX" channel="3" config="1" />
    </pin>
    <pin idx="10" fpin="21">
      <dio />
      <pwm timer="2"  channel="3" af="1"/>
      <serial name="TX" channel="3" config="0" />
    </pin>
    <pin idx="11" fpin="22">
      <dio />
      <pwm timer="2"  channel="4" af="1"/>
      <serial name="RX" channel="3" config="0" />
    </pin>
    <pin idx="12" fpin="25">
      <dio />
      <ain name="AIN11" channel="11" />
    </pin>
    <pin idx="13" fpin="26">
      <dio />
      <ain name="AIN12" channel="12" />
      <serial name="DE" channel="3" config="0" />
    </pin>
    <pin idx="14" fpin="27">
      <dio />
      <ain name="AIN13" channel="13" />
      <pwm timer="15" channel="1" af="1"/>
    </pin>
    <pin idx="15" fpin="28">
      <dio />
      <ain name="AIN14" channel="14" />
      <pwm timer="15" channel="2" af="1"/>
    </pin>
  </port>
  <port name="GPIOC" titel="PC" offset="32" nr="2" pinset="GPIOC-&gt;BSRR = (1 &lt;&lt; {0})" pinrst="GPIOC-&gt;BRR = (1 &lt;&lt; {0})" pinget="GPIOC-&gt;IDR &amp; (1 &lt;&lt; {0})">
    <pin idx="13" fpin="02">
        <dio />
    </pin>
    <pin idx="14" fpin="03">
        <dio />
        <system name="LSE_IN"/>
    </pin>
    <pin idx="15" fpin="04">
        <dio />
        <system name="LSE_OUT"/>
    </pin>
  </port>
  <port name="GPIOF" titel="PF" offset="80" nr="5" pinset="GPIOF-&gt;BSRR = (1 &lt;&lt; {0})" pinrst="GPIOF-&gt;BRR = (1 &lt;&lt; {0})" pinget="GPIOF-&gt;IDR &amp; (1 &lt;&lt; {0})">
    <pin idx="0" fpin="05">
        <system name="HSE_IN"/>
    </pin>
    <pin idx="1" fpin="06">
        <system name="HSE_OUT"/>
    </pin>
  </port>
  <pin name="RTC">
    <system name="LSI" src="#define                            HAL_USE_RTC 1" />
    <system name="HSE" src="#define                            HAL_USE_RTC 1&#13;&#10;#define                            HAL_RTC_USE_HSE" />
    <system name="LSE" src="#define                            HAL_USE_RTC 1&#13;&#10;#define                            HAL_RTC_CHECK_LSE 1" />
  </pin>
</cpu>