<?xml version="1.0" encoding="utf-8"?>
<cpu name="S5" ainref="0x02">
    <!-- ainref
        Bit0 - Ext('e'), Bit1 - Vcc('v'), Bit2 - Int1('i'), Bit3 - Int2('I')
    -->
    <!-- pin 
            fpin    - номер ноги контроллера
    -->
    <!-- pwm  
            timer   - номер таймера
            channel - канал таймер
            af      - номер альтернативной функции
            -->
    <!-- ain
            channel - внутренний номер аналогового входа
            -->
  <port name="GPIOA" titel="PA" offset="0"  nr="0" pinset="GPIOA-&gt;BSRR = (1 &lt;&lt; {0})" pinrst="GPIOA-&gt;BRR = (1 &lt;&lt; {0})" pinget="GPIOA-&gt;IDR &amp; (1 &lt;&lt; {0})">
    <pin idx="0" fpin="06">
      <dio />
      <pwm name="TIM2_CH1" timer="2" channel="1" af="2"/>
      <ain name="AIN0" channel="0" />
    </pin>
    <pin idx="1" fpin="07">
      <dio />
      <pwm timer="2" channel="2" af="2"/>
      <ain name="AIN1" channel="1" />
      <serial name="DE" channel="2" config="0" />
    </pin>
    <pin idx="2" fpin="08">
      <dio />
      <pwm timer="2"   channel="3" af="2"/>
      <pwm timer="21"  channel="1" af="0"/>
      <ain name="AIN2" channel="2" />
      <serial name="TX" channel="2" config="0" />
    </pin>
    <pin idx="3" fpin="09">
      <dio />
      <pwm timer="2"   channel="4" af="2"/>
      <pwm timer="21"  channel="2" af="0"/>
      <ain name="AIN3" channel="3" />
      <serial name="RX" channel="2" config="0" />
    </pin>
    <pin idx="4" fpin="10">
      <dio />
      <pwm timer="14"  channel="1" af="4"/>
      <ain name="AIN4" channel="4" />
    </pin>
    <pin idx="5" fpin="11">
      <dio />
      <pwm timer="2"   channel="1" af="5"/>
      <ain name="AIN5" channel="5" />
      <spi name="SCK" channel="1" config="1" />
    </pin>
    <pin idx="6" fpin="12">
      <dio />
      <pwm timer="22"  channel="1" af="5"/>
      <ain name="AIN6" channel="6" />
      <spi name="MISO" channel="1" config="1" />
    </pin>
    <pin idx="7" fpin="13">
      <dio />
      <pwm timer="22"  channel="2" af="5"/>
      <ain name="AIN7" channel="7" />
      <spi name="MOSI" channel="1" config="1" />
    </pin>
    <pin idx="8" fpin="18">
      <dio />
    </pin>
    <pin idx="9" fpin="19">
      <dio />
      <!--<serial name="TX" channel="1" config="0" />-->
    </pin>
    <pin idx="10" fpin="20">
      <dio />
      <!--<serial name="RX" channel="1" config="0" />-->
    </pin>
    <pin idx="11" fpin="21">
      <dio />
    </pin>
    <pin idx="12" fpin="22">
      <dio />
      <!--<serial name="DE" channel="1" config="0" />-->
    </pin>
    <pin idx="13" fpin="23" default="SWDAT">
      <dio />
      <system name="SWDAT" af="0" />
    </pin>
    <pin idx="14" fpin="24" default="SWCLK">
      <dio />
      <system name="SWCLK" af="0" />
      <!--<serial name="TX" channel="2" config="1"/>-->
    </pin>
    <pin idx="15" fpin="25">
      <dio />
      <pwm timer="2"   channel="1" af="5"/>
      <!--<serial name="RX" channel="2" config="1"/>-->
    </pin>
  </port>
  <port name="GPIOB" titel="PB" offset="16" nr="1" pinset="GPIOB-&gt;BSRR = (1 &lt;&lt; {0})" pinrst="GPIOB-&gt;BRR = (1 &lt;&lt; {0})" pinget="GPIOB-&gt;IDR &amp; (1 &lt;&lt; {0})">
    <pin idx="0" fpin="14">
      <dio />
      <ain name="AIN8" channel="8" />
    </pin>
    <pin idx="1" fpin="15">
      <dio />
      <ain name="AIN9" channel="9" />
    </pin>
    <pin idx="3" fpin="26">
      <dio />
      <pwm timer="2"   channel="2" af="2"/>
      <spi name="SCK" channel="1" config="2" />
    </pin>
    <pin idx="4" fpin="27">
      <dio />
      <pwm timer="22"  channel="1" af="4"/>
      <spi name="MISO" channel="1" config="2" />
    </pin>
    <pin idx="5" fpin="28">
      <dio />
      <pwm timer="22"  channel="2" af="4"/>
      <spi name="MOSI" channel="1" config="2" />
    </pin>
    <pin idx="6" fpin="29">
      <dio />
      <!--<serial name="TX" channel="1" config="1" />-->
      <twi name="SCL" channel="1" config="0" />
    </pin>
    <pin idx="7" fpin="30">
      <dio />
      <!--<serial name="RX" channel="1" config="1" />-->
      <twi name="SDA" channel="1" config="0" />
    </pin>
  </port>
  <port name="GPIOC" titel="PC" offset="32" nr="2" pinset="GPIOC-&gt;BSRR = (1 &lt;&lt; {0})" pinrst="GPIOC-&gt;BRR = (1 &lt;&lt; {0})" pinget="GPIOC-&gt;IDR &amp; (1 &lt;&lt; {0})">
    <pin idx="14" fpin="02">
        <system name="LSE_IN"/>
    </pin>
    <pin idx="15" fpin="03">
        <system name="LSE_OUT"/>
    </pin>
  </port>
  <pin name="RTC">
    <system name="LSI" src="#define                            HAL_USE_RTC 1" />
    <system name="HSE" src="#define                            HAL_USE_RTC 1&#13;&#10;#define                            HAL_RTC_USE_HSE" />
    <system name="LSE" src="#define                            HAL_USE_RTC 1&#13;&#10;#define                            HAL_RTC_CHECK_LSE 1" />
  </pin>
</cpu>